SET NAMES utf8mb4;

INSERT INTO departments (id, code, name) VALUES
	(1, 'CS',   'Computer Science'),
	(2, 'MATH', 'Mathematics'),
	(3, 'PHYS', 'Physics'),
	(4, 'HIST', 'History'),
	(5, 'BIO',  'Biology');

INSERT INTO teachers (id, first_name, last_name, email, department_id, hired_at, is_active) VALUES
	(1,  'Ada',      'Lovelace',   'ada.lovelace@school.edu',      1, '2015-08-15', 1),
	(2,  'Alan',     'Turing',     'alan.turing@school.edu',       1, '2012-09-01', 1),
	(3,  'Grace',    'Hopper',     'grace.hopper@school.edu',      1, '2018-01-20', 1),
	(4,  'Carl',     'Gauss',      'carl.gauss@school.edu',        2, '2010-08-30', 1),
	(5,  'Emmy',     'Noether',    'emmy.noether@school.edu',      2, '2014-09-12', 1),
	(6,  'Isaac',    'Newton',     'isaac.newton@school.edu',      3, '2009-08-01', 1),
	(7,  'Marie',    'Curie',      'marie.curie@school.edu',       3, '2013-09-15', 1),
	(8,  'Richard',  'Feynman',    'richard.feynman@school.edu',   3, '2019-01-08', 0),
	(9,  'Howard',   'Zinn',       'howard.zinn@school.edu',       4, '2011-08-20', 1),
	(10, 'Mary',     'Beard',      'mary.beard@school.edu',        4, '2016-09-01', 1),
	(11, 'Charles',  'Darwin',     'charles.darwin@school.edu',    5, '2008-08-10', 1),
	(12, 'Rosalind', 'Franklin',   'rosalind.franklin@school.edu', 5, '2017-09-05', 1);

INSERT INTO courses (id, code, title, credits, department_id) VALUES
	(1,  'CS101',  'Introduction to Programming',         3, 1),
	(2,  'CS201',  'Data Structures and Algorithms',      4, 1),
	(3,  'CS301',  'Database Systems',                    3, 1),
	(4,  'CS320',  'Operating Systems',                   4, 1),
	(5,  'CS410',  'Compilers',                           4, 1),
	(6,  'MATH101','Calculus I',                          4, 2),
	(7,  'MATH201','Linear Algebra',                      3, 2),
	(8,  'MATH301','Abstract Algebra',                    3, 2),
	(9,  'MATH310','Real Analysis',                       4, 2),
	(10, 'PHYS101','Classical Mechanics',                 4, 3),
	(11, 'PHYS201','Electromagnetism',                    4, 3),
	(12, 'PHYS301','Quantum Mechanics',                   4, 3),
	(13, 'PHYS320','Thermodynamics',                      3, 3),
	(14, 'HIST101','World History to 1500',               3, 4),
	(15, 'HIST201','Modern European History',             3, 4),
	(16, 'HIST301','History of Science',                  3, 4),
	(17, 'BIO101', 'Cell Biology',                        4, 5),
	(18, 'BIO201', 'Genetics',                            4, 5),
	(19, 'BIO301', 'Molecular Biology',                   4, 5),
	(20, 'BIO320', 'Evolutionary Biology',                3, 5);

INSERT INTO terms (id, code, name, start_date, end_date) VALUES
	(1, '2025-FALL',   'Fall 2025',   '2025-09-01', '2025-12-19'),
	(2, '2026-SPRING', 'Spring 2026', '2026-01-12', '2026-05-08'),
	(3, '2026-SUMMER', 'Summer 2026', '2026-06-08', '2026-07-31');

INSERT INTO course_offerings (id, course_id, teacher_id, term_id, capacity, room, notes) VALUES
	(1,  1,  1,  1, 60, 'CS-Hall-A',   'Archived Fall 2025 section.'),
	(2,  1,  3,  2, 60, 'CS-Hall-A',   'Spring 2026 section completed; grades posted May 10.'),
	(3,  1,  1,  3, 60, 'CS-Hall-A',   'Bring laptops. Today focuses on loops, trace tables, and pair debugging.'),
	(4,  2,  2,  1, 40, 'CS-Hall-B',   'Archived Fall 2025 section.'),
	(5,  2,  2,  3, 40, 'CS-Hall-B',   'Workshop format. Students should review stack and queue exercises before class.'),
	(6,  3,  3,  2, 35, 'CS-Lab-1',    'Spring 2026 lab section completed.'),
	(7,  3,  3,  3, 35, 'CS-Lab-1',    'Lab machines reserved. ER modeling checkpoint due before Thursday class.'),
	(8,  4,  2,  2, 30, 'CS-Lab-2',    'Spring 2026 operating systems section completed.'),
	(9,  5,  1,  3, 25, 'CS-Lab-2',    'Project groups meet during the first 20 minutes.'),
	(10, 6,  4,  1, 80, 'Math-Hall-1', 'Archived Fall 2025 section.'),
	(11, 6,  4,  2, 80, 'Math-Hall-1', 'Spring 2026 section completed.'),
	(12, 6,  5,  3, 80, 'Math-Hall-1', 'Daily problem set opens at 08:00 and closes after class.'),
	(13, 7,  5,  1, 45, 'Math-Hall-2', 'Archived Fall 2025 section.'),
	(14, 7,  5,  3, 45, 'Math-Hall-2', 'Bring graph paper for basis-change examples.'),
	(15, 8,  4,  2, 25, 'Math-Room-3', 'Spring 2026 section completed.'),
	(16, 9,  5,  2, 25, 'Math-Room-4', 'Spring 2026 section completed.'),
	(17, 10, 6,  1, 50, 'Phys-Hall-A', 'Archived Fall 2025 section.'),
	(18, 10, 6,  3, 50, 'Phys-Hall-A', 'Demo cart reserved. Lab safety reminder at start of class.'),
	(19, 11, 7,  2, 50, 'Phys-Hall-B', 'Spring 2026 section completed.'),
	(20, 12, 7,  3, 30, 'Phys-Lab-1',  'Problem clinic follows the lecture block.'),
	(21, 13, 6,  1, 40, 'Phys-Hall-C', 'Archived Fall 2025 section.'),
	(22, 14, 9,  1, 70, 'Hist-Hall-1', 'Archived Fall 2025 section.'),
	(23, 14, 10, 3, 70, 'Hist-Hall-1', 'Primary-source packets are available at the front desk.'),
	(24, 15, 10, 2, 60, 'Hist-Hall-2', 'Spring 2026 section completed.'),
	(25, 16, 9,  3, 40, 'Hist-Room-3', 'Seminar discussion notes should be posted after class.'),
	(26, 17, 11, 1, 55, 'Bio-Hall-A',  'Archived Fall 2025 section.'),
	(27, 17, 12, 3, 55, 'Bio-Hall-A',  'Microscope station rotation begins immediately after roll call.'),
	(28, 18, 11, 2, 40, 'Bio-Lab-1',   'Spring 2026 section completed.'),
	(29, 18, 12, 3, 40, 'Bio-Lab-1',   'Lab coats required for the genetics practical.'),
	(30, 19, 12, 2, 30, 'Bio-Lab-2',   'Spring 2026 section completed.'),
	(31, 20, 11, 1, 45, 'Bio-Hall-B',  'Archived Fall 2025 section.');

INSERT INTO students (id, first_name, last_name, email, date_of_birth, enrolled_at, is_active) VALUES
	(1,  'Liam',      'Andersen',  'liam.andersen@school.edu',    '2004-05-12', '2023-09-01', 1),
	(2,  'Olivia',    'Bach',      'olivia.bach@school.edu',      '2003-11-02', '2022-09-01', 1),
	(3,  'Noah',      'Chen',      'noah.chen@school.edu',        '2005-02-14', '2024-09-01', 1),
	(4,  'Emma',      'Doyle',     'emma.doyle@school.edu',       '2004-07-30', '2023-09-01', 1),
	(5,  'Ethan',     'Esposito',  'ethan.esposito@school.edu',   '2003-12-22', '2022-09-01', 1),
	(6,  'Ava',       'Fischer',   'ava.fischer@school.edu',      '2005-03-09', '2024-09-01', 1),
	(7,  'Mason',     'Garcia',    'mason.garcia@school.edu',     '2004-01-18', '2023-09-01', 1),
	(8,  'Sophia',    'Hansen',    'sophia.hansen@school.edu',    '2003-10-04', '2022-09-01', 1),
	(9,  'Lucas',     'Ivanov',    'lucas.ivanov@school.edu',     '2005-06-21', '2024-09-01', 1),
	(10, 'Isabella',  'Jensen',    'isabella.jensen@school.edu',  '2004-08-15', '2023-09-01', 1),
	(11, 'Logan',     'Kowalski',  'logan.kowalski@school.edu',   '2003-04-11', '2022-09-01', 1),
	(12, 'Mia',       'Larsen',    'mia.larsen@school.edu',       '2005-09-27', '2024-09-01', 1),
	(13, 'James',     'Moreau',    'james.moreau@school.edu',     '2004-02-03', '2023-09-01', 1),
	(14, 'Charlotte', 'Nowak',     'charlotte.nowak@school.edu',  '2003-06-25', '2022-09-01', 1),
	(15, 'Benjamin',  'Olsen',     'benjamin.olsen@school.edu',   '2005-12-08', '2024-09-01', 1),
	(16, 'Amelia',    'Petrov',    'amelia.petrov@school.edu',    '2004-04-19', '2023-09-01', 1),
	(17, 'Elijah',    'Quinn',     'elijah.quinn@school.edu',     '2003-08-07', '2022-09-01', 1),
	(18, 'Harper',    'Rossi',     'harper.rossi@school.edu',     '2005-01-30', '2024-09-01', 1),
	(19, 'Henry',     'Schmidt',   'henry.schmidt@school.edu',    '2004-11-13', '2023-09-01', 1),
	(20, 'Evelyn',    'Tanaka',    'evelyn.tanaka@school.edu',    '2003-03-05', '2022-09-01', 1),
	(21, 'Sebastian', 'Ueda',      'sebastian.ueda@school.edu',   '2005-07-17', '2024-09-01', 1),
	(22, 'Abigail',   'Virtanen',  'abigail.virtanen@school.edu', '2004-09-23', '2023-09-01', 1),
	(23, 'Jack',      'Wagner',    'jack.wagner@school.edu',      '2003-05-16', '2022-09-01', 1),
	(24, 'Emily',     'Xu',        'emily.xu@school.edu',         '2005-10-01', '2024-09-01', 1),
	(25, 'Owen',      'Young',     'owen.young@school.edu',       '2004-12-29', '2023-09-01', 1),
	(26, 'Elizabeth', 'Zimmer',    'elizabeth.zimmer@school.edu', '2003-02-11', '2022-09-01', 1),
	(27, 'Daniel',    'Adamski',   'daniel.adamski@school.edu',   '2005-04-04', '2024-09-01', 1),
	(28, 'Sofia',     'Bianchi',   'sofia.bianchi@school.edu',    '2004-06-26', '2023-09-01', 1),
	(29, 'Matthew',   'Cohen',     'matthew.cohen@school.edu',    '2003-09-19', '2022-09-01', 1),
	(30, 'Avery',     'Diaz',      'avery.diaz@school.edu',       '2005-11-22', '2024-09-01', 1),
	(31, 'Joseph',    'Engel',     'joseph.engel@school.edu',     '2004-03-14', '2023-09-01', 1),
	(32, 'Ella',      'Fontaine',  'ella.fontaine@school.edu',    '2003-07-08', '2022-09-01', 1),
	(33, 'David',     'Gomez',     'david.gomez@school.edu',      '2005-05-31', '2024-09-01', 1),
	(34, 'Scarlett',  'Holm',      'scarlett.holm@school.edu',    '2004-10-10', '2023-09-01', 1),
	(35, 'Samuel',    'Ito',       'samuel.ito@school.edu',       '2003-01-26', '2022-09-01', 1),
	(36, 'Victoria',  'Jansen',    'victoria.jansen@school.edu',  '2005-08-13', '2024-09-01', 1),
	(37, 'Carter',    'Kim',       'carter.kim@school.edu',       '2004-05-05', '2023-09-01', 1),
	(38, 'Madison',   'Lopez',     'madison.lopez@school.edu',    '2003-12-12', '2022-09-01', 0),
	(39, 'Wyatt',     'Mendoza',   'wyatt.mendoza@school.edu',    '2005-02-28', '2024-09-01', 1),
	(40, 'Luna',      'Novak',     'luna.novak@school.edu',       '2004-07-21', '2023-09-01', 1);

INSERT INTO app_users (id, username, email, password_hash, role, display_name, student_id, teacher_id, is_active, created_at) VALUES
	(1, 'admin',          'admin@school.edu',             'PBKDF2-SHA256$100000$ZHRvb3JtLXNjaG9vbC1hZG1pbg==$E+WQK4qRS9aUk2jjAHER/EtKWJUZ4LpPfa6KhlPLZy8=', 'Administrator', 'School Administrator', NULL, NULL, 1, '2026-06-03 08:00:00'),
	(2, 'teacher.ada',    'ada.lovelace@school.edu',      'PBKDF2-SHA256$100000$ZHRvb3JtLXNjaG9vbC10ZWFjaGVyLmFkYQ==$UNAId/KvDh3s1yqpXEdbDcmhfks5Bz5oiLAdDm+EM74=', 'Teacher',       'Ada Lovelace',         NULL, 1,    1, '2026-06-03 08:05:00'),
	(3, 'teacher.alan',   'alan.turing@school.edu',       'PBKDF2-SHA256$100000$ZHRvb3JtLXNjaG9vbC10ZWFjaGVyLmFsYW4=$NiYeuV6Xhe8hsbQOkosW2/WNDEqfbaBAxc0/V2NpU+I=', 'Teacher',       'Alan Turing',          NULL, 2,    1, '2026-06-03 08:10:00'),
	(4, 'student.liam',   'liam.andersen@school.edu',     'PBKDF2-SHA256$100000$ZHRvb3JtLXNjaG9vbC1zdHVkZW50LmxpYW0=$Jyp8UDdJGGF+KR2A8jX/fQTmRG3b2Gt+aU8hnI/DQLc=', 'Student',       'Liam Andersen',        1,    NULL, 1, '2026-06-03 08:15:00'),
	(5, 'student.olivia', 'olivia.bach@school.edu',       'PBKDF2-SHA256$100000$ZHRvb3JtLXNjaG9vbC1zdHVkZW50Lm9saXZpYQ==$zaoqz9Az97ci1LZOyzRMCAsEyWI3euDY8tSwj3A7Zdc=', 'Student',       'Olivia Bach',          2,    NULL, 1, '2026-06-03 08:20:00'),
	(6, 'student.noah',   'noah.chen@school.edu',         'PBKDF2-SHA256$100000$ZHRvb3JtLXNjaG9vbC1zdHVkZW50Lm5vYWg=$18BdrCBbH34U1ESwx+7ba+OCQT76CNf/nDbrYM6LS3o=', 'Student',       'Noah Chen',            3,    NULL, 1, '2026-06-03 08:25:00');

INSERT INTO course_meetings (offering_id, day_of_week, starts_at, ends_at, location) VALUES
	(3, 1, '09:00:00', '10:30:00', 'CS-Hall-A'),     (3, 3, '09:00:00', '10:30:00', 'CS-Hall-A'),
	(5, 2, '10:45:00', '12:15:00', 'CS-Hall-B'),     (5, 4, '10:45:00', '12:15:00', 'CS-Hall-B'),
	(7, 1, '13:00:00', '14:30:00', 'CS-Lab-1'),      (7, 4, '13:00:00', '14:30:00', 'CS-Lab-1'),
	(9, 2, '13:30:00', '15:00:00', 'CS-Lab-2'),      (9, 5, '09:00:00', '10:30:00', 'CS-Lab-2'),
	(12, 1, '10:45:00', '12:15:00', 'Math-Hall-1'), (12, 3, '10:45:00', '12:15:00', 'Math-Hall-1'),
	(14, 2, '09:00:00', '10:30:00', 'Math-Hall-2'), (14, 4, '09:00:00', '10:30:00', 'Math-Hall-2'),
	(18, 1, '08:15:00', '09:45:00', 'Phys-Hall-A'), (18, 3, '08:15:00', '09:45:00', 'Phys-Hall-A'),
	(20, 2, '12:45:00', '14:15:00', 'Phys-Lab-1'),  (20, 5, '12:45:00', '14:15:00', 'Phys-Lab-1'),
	(23, 1, '11:00:00', '12:30:00', 'Hist-Hall-1'), (23, 3, '11:00:00', '12:30:00', 'Hist-Hall-1'),
	(25, 4, '13:00:00', '15:00:00', 'Hist-Room-3'),
	(27, 2, '08:30:00', '10:00:00', 'Bio-Hall-A'),  (27, 4, '08:30:00', '10:00:00', 'Bio-Hall-A'),
	(29, 1, '14:45:00', '16:15:00', 'Bio-Lab-1'),   (29, 3, '14:45:00', '16:15:00', 'Bio-Lab-1');

INSERT INTO academic_breaks (term_id, name, start_date, end_date, notes) VALUES
	(3, 'Midsummer break', '2026-06-22', '2026-06-24', 'No regular classes. Student services remain open from 09:00 to 13:00.'),
	(3, 'Project studio week', '2026-07-13', '2026-07-17', 'Reserved for supervised labs, advising, and project check-ins.'),
	(3, 'Summer assessment days', '2026-07-27', '2026-07-31', 'Final presentations and transcript updates are processed daily.');

INSERT INTO enrollments (student_id, offering_id, enrolled_at, grade) VALUES
	(1, 1, '2025-09-01', 'A'),  (1, 10, '2025-09-01', 'B'),  (1, 17, '2025-09-01', 'A'),  (1, 22, '2025-09-01', 'B'),
	(2, 1, '2025-09-01', 'A'),  (2, 13, '2025-09-01', 'A'),  (2, 21, '2025-09-01', 'B'),  (2, 26, '2025-09-01', 'A'),
	(3, 1, '2025-09-01', 'B'),  (3, 10, '2025-09-01', 'C'),  (3, 22, '2025-09-01', 'B'),  (3, 31, '2025-09-01', 'A'),
	(4, 4, '2025-09-01', 'A'),  (4, 13, '2025-09-01', 'B'),  (4, 17, '2025-09-01', 'A'),  (4, 22, '2025-09-01', 'A'),
	(5, 4, '2025-09-01', 'B'),  (5, 10, '2025-09-01', 'A'),  (5, 21, '2025-09-01', 'B'),  (5, 26, '2025-09-01', 'B'),
	(6, 1, '2025-09-01', 'C'),  (6, 10, '2025-09-01', 'B'),  (6, 22, '2025-09-01', 'A'),
	(7, 1, '2025-09-01', 'B'),  (7, 13, '2025-09-01', 'A'),  (7, 17, '2025-09-01', 'A'),  (7, 31, '2025-09-01', 'A'),
	(8, 4, '2025-09-01', 'A'),  (8, 10, '2025-09-01', 'A'),  (8, 26, '2025-09-01', 'B'),
	(9, 1, '2025-09-01', 'B'),  (9, 22, '2025-09-01', 'C'),  (9, 31, '2025-09-01', 'B'),
	(10, 1, '2025-09-01', 'A'), (10, 13, '2025-09-01', 'A'), (10, 17, '2025-09-01', 'B'), (10, 26, '2025-09-01', 'A'),
	(1, 2,  '2026-01-12', 'A'), (1, 11, '2026-01-12', 'B'), (1, 19, '2026-01-12', 'A'),
	(2, 6,  '2026-01-12', 'A'), (2, 11, '2026-01-12', 'A'), (2, 24, '2026-01-12', 'B'),
	(3, 2,  '2026-01-12', 'B'), (3, 11, '2026-01-12', 'C'), (3, 28, '2026-01-12', 'A'),
	(4, 2,  '2026-01-12', 'A'), (4, 15, '2026-01-12', 'B'), (4, 24, '2026-01-12', 'A'),
	(5, 8,  '2026-01-12', 'B'), (5, 11, '2026-01-12', 'A'), (5, 30, '2026-01-12', 'A'),
	(11, 2, '2026-01-12', 'B'), (11, 11, '2026-01-12', 'C'), (11, 19, '2026-01-12', 'B'),
	(12, 2, '2026-01-12', 'A'), (12, 15, '2026-01-12', 'B'), (12, 28, '2026-01-12', 'A'),
	(13, 6, '2026-01-12', 'A'), (13, 11, '2026-01-12', 'A'), (13, 24, '2026-01-12', 'A'),
	(14, 8, '2026-01-12', 'B'), (14, 16, '2026-01-12', 'C'), (14, 30, '2026-01-12', 'B'),
	(15, 2, '2026-01-12', 'C'), (15, 19, '2026-01-12', 'B'), (15, 24, '2026-01-12', 'A'),
	(16, 6, '2026-01-12', 'A'), (16, 11, '2026-01-12', 'B'), (16, 28, '2026-01-12', 'A'),
	(17, 2, '2026-01-12', 'A'), (17, 16, '2026-01-12', 'A'), (17, 30, '2026-01-12', 'B'),
	(18, 8, '2026-01-12', 'B'), (18, 15, '2026-01-12', 'C'),
	(19, 2, '2026-01-12', 'A'), (19, 11, '2026-01-12', 'A'), (19, 24, '2026-01-12', 'A'),
	(20, 6, '2026-01-12', 'B'), (20, 19, '2026-01-12', 'B'), (20, 28, '2026-01-12', 'A'),
	(1, 3,  '2026-06-08', NULL), (1, 12, '2026-06-08', NULL), (1, 23, '2026-06-08', NULL),
	(3, 3,  '2026-06-08', NULL), (3, 12, '2026-06-08', NULL), (3, 23, '2026-06-08', NULL),
	(6, 3,  '2026-06-08', NULL), (6, 12, '2026-06-08', NULL), (6, 27, '2026-06-08', NULL),
	(9, 3,  '2026-06-08', NULL), (9, 14, '2026-06-08', NULL), (9, 23, '2026-06-08', NULL),
	(12, 3, '2026-06-08', NULL), (12, 18, '2026-06-08', NULL), (12, 25, '2026-06-08', NULL),
	(15, 5, '2026-06-08', NULL), (15, 14, '2026-06-08', NULL), (15, 29, '2026-06-08', NULL),
	(18, 7, '2026-06-08', NULL), (18, 18, '2026-06-08', NULL), (18, 27, '2026-06-08', NULL),
	(21, 3, '2026-06-08', NULL), (21, 12, '2026-06-08', NULL), (21, 23, '2026-06-08', NULL),
	(22, 5, '2026-06-08', NULL), (22, 14, '2026-06-08', NULL), (22, 29, '2026-06-08', NULL),
	(23, 7, '2026-06-08', NULL), (23, 18, '2026-06-08', NULL), (23, 25, '2026-06-08', NULL),
	(24, 9, '2026-06-08', NULL), (24, 12, '2026-06-08', NULL), (24, 27, '2026-06-08', NULL),
	(25, 3, '2026-06-08', NULL), (25, 20, '2026-06-08', NULL), (25, 29, '2026-06-08', NULL),
	(26, 5, '2026-06-08', NULL), (26, 14, '2026-06-08', NULL), (26, 25, '2026-06-08', NULL),
	(27, 7, '2026-06-08', NULL), (27, 18, '2026-06-08', NULL), (27, 23, '2026-06-08', NULL),
	(28, 9, '2026-06-08', NULL), (28, 20, '2026-06-08', NULL), (28, 27, '2026-06-08', NULL),
	(29, 3, '2026-06-08', NULL), (29, 12, '2026-06-08', NULL), (29, 29, '2026-06-08', NULL),
	(30, 5, '2026-06-08', NULL), (30, 18, '2026-06-08', NULL), (30, 25, '2026-06-08', NULL),
	(31, 7, '2026-06-08', NULL), (31, 14, '2026-06-08', NULL), (31, 23, '2026-06-08', NULL),
	(32, 9, '2026-06-08', NULL), (32, 20, '2026-06-08', NULL), (32, 27, '2026-06-08', NULL),
	(33, 3, '2026-06-08', NULL), (33, 18, '2026-06-08', NULL), (33, 29, '2026-06-08', NULL),
	(34, 5, '2026-06-08', NULL), (34, 12, '2026-06-08', NULL), (34, 25, '2026-06-08', NULL),
	(35, 7, '2026-06-08', NULL), (35, 14, '2026-06-08', NULL), (35, 23, '2026-06-08', NULL),
	(36, 9, '2026-06-08', NULL), (36, 20, '2026-06-08', NULL), (36, 27, '2026-06-08', NULL),
	(37, 3, '2026-06-08', NULL), (37, 18, '2026-06-08', NULL), (37, 29, '2026-06-08', NULL),
	(39, 5, '2026-06-08', NULL), (39, 12, '2026-06-08', NULL), (39, 25, '2026-06-08', NULL),
	(40, 7, '2026-06-08', NULL), (40, 14, '2026-06-08', NULL), (40, 23, '2026-06-08', NULL);
